{
  "30": "/screens/HomeScreen",
  "32": "/screens/SplashScreen",
  "415" : "assets/images/Calendar_WhiteBlack_1343.png",
  "0001": "assets/images/back_arrow_0001.png",
  "0002": "assets/images/calendar_home_0002.png",
  "0003": "assets/images/camera_0003.png",
  "0004": "assets/images/create_camera_0004.png",
  "0005": "assets/images/create_folder_0005.png",
  "0006": "assets/images/create_upload_0006.png",
  "0007": "assets/images/curve_login_0007.jpg",
  "0009": "assets/images/edit_document_0009.png",
  "0010": "assets/images/filter_blue_0010.png",
  "0011": "assets/images/folder_0011.png",
  "0012": "assets/images/forgot_password_0012.jpg",
  "0013": "assets/images/grey_arrow_0013.png",
  "0014": "assets/images/grid_0014.png",
  "0015": "assets/images/grid_active_0015.png",
  "0016": "assets/images/header_folder_0016.png",
  "0017": "assets/images/home_logo_0017.png",
  "0018": "assets/images/image_list_0018.png",
  "0019": "assets/images/input_arrow_0019.png",
  "0020": "assets/images/location_0020.png",
  "0021": "assets/images/login_btn_0021.jpg",
  "0022": "assets/images/logotemp_0022.png",
  "0023": "assets/images/plus_0023.png",
  "0024": "assets/images/search_header_0024.png",
  "0025": "assets/images/searchbar_searchicon_0025.png",
  "0026": "assets/images/setting_yellow_0026.png",
  "0027": "assets/images/splash_screen_0027.jpg",
  "0028": "assets/images/trag_0028.png",
  "0029": "assets/images/up_arrow_0029.png",
  "0030": "assets/images/arrow_grey_0030.png",
  
  "1117": "assets/images/Accounts_Residential_Blue_1117.png",
  "1101": "assets/images/Accounts_Residential_WhiteBlack_1101.png",
  "769": "assets/images/Addresses_WhiteBlack_769.png",
  "1611": "assets/images/Calendar_Blue_1611.png",
  "1343": "assets/images/Calendar_WhiteBlack_1343.png",
  "167": "assets/images/Companies_WhiteBlack_167.png",
  "391": "assets/images/Documents_WhiteBlack_391.png",
  "1182": "assets/images/Events_Groups_WhiteBlack_1182.png",
  "547": "assets/images/Folder_Basic_Yellow_547.png",
  "553": "assets/images/Folder_Locked_Yellow_553.png",
  "207": "assets/images/Inventory_WhiteBlack_207.png",
  "529": "assets/images/Job_Titles_WhiteBlack_529.png",
  "1522": "assets/images/Missing_Icon_WhiteBlack_1522.png",
  "1595": "assets/images/Missing_Icon_Labelled_WhiteBlack_1595.png",
  "1603": "assets/images/Missing_URL_Labelled_WhiteBlack_1603.png",
  "1636": "assets/images/Notification_Blue_1636.png",
  "1359": "assets/images/Notification_WhiteBlack_1359.png",
  "217": "assets/images/Parts_WhiteBlack_217.png",
  "1619": "assets/images/Search_Blue_1619.png",
  "1041": "assets/images/Search_WhiteBlack_1041.png",
  "1057": "assets/images/Suppliers_WhiteBlack_1057.png",
  "197": "assets/images/Thing_Child_WhiteBlack_197.png",
  "498": "assets/images/Thing_Parent_WhiteBlack_498.png",
  "1262": "assets/images/Things_Groups_WhiteBlack_1262.png",
  "1627": "assets/images/Treeview_Blue_1627.png",
  "1375": "assets/images/Treeview_WhiteBlack_1375.png",
  "334": "assets/images/Users_WhiteBlack_334.png",
  "351": "assets/images/Logo_Icon_Yellow_MEL_351.png",
  "69": "assets/images/Logo_Icon_Yellow_MEL_TM_69.png",
  "143": "assets/images/Logo_Name_One_Line_PngYellow_143.png",
  "137": "assets/images/Logo_Name_Three_Line_PngYellow_137.png"


}